uuid;selected;timestamp;building;solution;stored
9d32e6d80d064d73961fce11c091532c;0;1693172807.1620224;1;{'B': 1, 'D': 2, 'A': (2,), 'C': 2, 'E': 1};3af9eabc65df4e23b0e79462b9500b21
749e88b2099d41c2ac9a9e3bf6e088d6;0;1693402114.6283686;1;{'B': 1, 'D': 2, 'A': (2,), 'C': 2, 'E': 1};2b5ecdc2de3f4b8693d1aef819a4cf1a
0ab46863b63f43be9ea27f7d384f1a4e;0;1693402184.8378885;1;{'B': 1, 'D': 2, 'A': (2,), 'C': 2, 'E': 1};314107965d714a60afed16bfab7d33ac
7bbd5d2e759249af8f09e0e5bad4e663;0;1693402247.7559786;1;{'B': 1, 'D': 2, 'A': (2,), 'C': 2, 'E': 1};101cf101fe384d74b05768412c2b1438
e31fbe06d3f547deaaac60834c0ade6c;0;1693402277.750889;1;{'B': 1, 'D': 2, 'A': (2,), 'C': 2, 'E': 1};fc5fdc3709674abe99e8ddccb7c1e35f
cd0e97e230b24678ad6b7629ddc58213;0;1693402299.895784;1;{'B': 1, 'D': 2, 'A': (2,), 'C': 2, 'E': 1};5b44ef9c144c409dbfecb749b4dda245
70c0e0a78a464c02bb123921d3529482;0;1693402342.7956188;1;{'B': 1, 'D': 2, 'A': (2,), 'C': 2, 'E': 1};b0a0a888bb4744fa96ac6b2b485d6390
da277378188340bb9b5180c659534e27;0;1693447175.3372717;1;{'B': 1, 'D': 2, 'A': (2,), 'C': 2, 'E': 1};5d466ff04ad244cbb6b15fd300cd0a16
19d209fe776046e6acaca71987f12a34;0;1693447200.8228135;1;{'B': 1, 'D': 2, 'A': (2,), 'C': 2, 'E': 1};48886a3ae6c94cd9a3c3e3c58199d76d
08d3b90e585e436c8b7bede892174846;0;1693447200.969139;1;{'B': 1, 'D': 2, 'A': (2,), 'C': 2, 'E': 1};50ec397d316a40b0991a255d6de95aa0
5f10b2bfbcbb4e3cb25e30e92fd383f6;0;1693447231.2563186;1;{'B': 1, 'D': 2, 'A': (2,), 'C': 2, 'E': 1};aaeae148ebe742679f2c7a46b1321400
7d15444bde18424fa41d1aefe6601fed;0;1693447283.876713;1;{'B': 1, 'D': 2, 'A': (2,), 'C': 2, 'E': 1};c374e56de8d04ff38d87b4875485c702
f0c279cdc7854290a0fcfecdd71bdf65;0;1693447283.9893165;1;{'B': 1, 'D': 2, 'A': (2,), 'C': 2, 'E': 1};b153435bf6dc4b3c9ceeb835ad7eae49
fe95304daace44b5aab04666521174a1;0;1693447342.4693952;1;{'B': 1, 'D': 2, 'A': (2,), 'C': 2, 'E': 1};ea3b8a396bdf41759e8348e75e1e6f63
2cce4afb963744e3913df71cca73afe0;0;1693447342.6103337;1;{'B': 1, 'D': 2, 'A': (2,), 'C': 2, 'E': 1};e0afcc6920424eba99dfd4c837f8fa8f
6bccdb9722354eb88313b998a0df26bc;0;1693447342.778066;1;{'B': 1, 'D': 2, 'A': (2,), 'C': 2, 'E': 1};4d91ee395ed44125bc514c75136307a4
b34457e36adb46129bc94c4031c17f5f;0;1693447362.1848574;1;{'B': 1, 'D': 2, 'A': (2,), 'C': 2, 'E': 1};ce712364434e480f90c405613525362c
1f1d4069066340cfb134be614690b36f;0;1693447362.3748205;1;{'B': 1, 'D': 2, 'A': (2,), 'C': 2, 'E': 1};6402bb2cd92043bd8b9490a5880ee124
e4dc3ace597a4119ba562a340580a5c5;0;1693447362.562564;1;{'B': 1, 'D': 2, 'A': (2,), 'C': 2, 'E': 1};06fe0ecb8e74487a92923ac8fad95eb9
6fcfc6e9d5dd40e2bd8eeb58f96012d6;0;1693447362.711617;1;{'B': 1, 'D': 2, 'A': (2,), 'C': 2, 'E': 1};f08e4407c0ea4d228b79a59224d3a176
77cc8a0c59df428f82dbcff86c2418e9;0;1693447380.5509915;1;{'B': 1, 'D': 2, 'A': (2,), 'C': 2, 'E': 1};883b6da6caf34626b8351767f7336e9a
130908107a874d3bac50f2fde45994bd;0;1693447380.7309132;1;{'B': 1, 'D': 2, 'A': (2,), 'C': 2, 'E': 1};3df0dc8831b14c4e8db6d9f3ddbcb0db
def735e8a1a349409fa461443a034f1c;0;1693447380.852913;1;{'B': 1, 'D': 2, 'A': (2,), 'C': 2, 'E': 1};bd3ea0556ed240b5b482f704848f5394
cdc251373fed41b7b1d8274187e09208;0;1693447380.9971948;1;{'B': 1, 'D': 2, 'A': (2,), 'C': 2, 'E': 1};1748ccae893a461ea42847822566e9d1
570af7a12609410cb3f07165cb6e93cf;0;1693447381.1399364;1;{'B': 1, 'D': 2, 'A': (2,), 'C': 2, 'E': 1};1f8e5e98c4404901b5f1b0fcef5b9b8c
dc5a8149d7064c689b116deb217cca43;0;1693478120.6944013;1;{'B': 1, 'D': 2, 'A': (2,), 'C': 2, 'E': 1};d2281b8146b04eda85cdb049538b9377
b0a1f7ba330f49579d5fc5f886ada892;0;1693478124.5344453;1;{'B': 1, 'D': 2, 'A': (2,), 'C': 2, 'E': 1};a75e2c48d636483e8da796e0d9a9a685
ad26eadb5e0d4ba4b80deefefb809a65;0;1693478124.6463888;1;{'B': 1, 'D': 2, 'A': (2,), 'C': 2, 'E': 1};a3c4131d3fa546bc8601fb0f94f068c5
310d30c211d345c98a7d109980216574;0;1693479006.2603688;1;{'B': 1, 'D': 2, 'A': (2,), 'C': 2, 'E': 1};790effc40e2f48ca8c70624db54895ae
3d9d2d95c0714affa45555233078f121;0;1693479360.4584165;1;{'B': 1, 'D': 2, 'A': (2,), 'C': 2, 'E': 1};f248f79edb9a4c818b7185551bf55a79
1823107cffc14d1cb4b46cccf7cde5c8;0;1693479369.833112;1;{'B': 1, 'D': 2, 'A': (2,), 'C': 2, 'E': 1};0beb27510dc04acd836f17ff6482410a
e5bb7bc91e994c56858043ca6a0e0562;0;1693479369.9595404;1;{'B': 1, 'D': 2, 'A': (2,), 'C': 2, 'E': 1};dd792d64f0db496fb6e208431b45be6f
4fa3eda39f70445280776dcf99ba5199;0;1693479377.7437508;1;{'B': 1, 'D': 2, 'A': (2,), 'C': 2, 'E': 1};9441c342551d40ebaa1eea00d113c5f4
c9a430d8076e41738781403766f3ab09;0;1693479377.876296;1;{'B': 1, 'D': 2, 'A': (2,), 'C': 2, 'E': 1};81e15ecb0ada4dcd97ef56c22f19c3a8
c494aae931df46c2adb938f2f4d5eed0;0;1693479377.9958758;1;{'B': 1, 'D': 2, 'A': (2,), 'C': 2, 'E': 1};f3c98ea039c442f2ab575b4f243288b6
eb74fc1858844ab8bd038a2621707835;0;1693479520.1288512;1;{'B': 1, 'D': 2, 'A': (2,), 'C': 2, 'E': 1};c8dff33e2ed04b77a543bf75576b33c5
713593227465448b937c83a405a6542f;0;1693479889.783942;1;{'B': 1, 'D': 2, 'A': (2,), 'C': 2, 'E': 1};21bb4c6db74642a7adf15dbf2bea0881
